<?xml version="1.0" encoding="UTF-8" standalone="yes"?>
<cp:coreProperties xmlns:cp="http://schemas.openxmlformats.org/package/2006/metadata/core-properties" xmlns:dc="http://purl.org/dc/elements/1.1/" xmlns:dcterms="http://purl.org/dc/terms/" xmlns:dcmitype="http://purl.org/dc/dcmitype/" xmlns:xsi="http://www.w3.org/2001/XMLSchema-instance"><dc:creator>luis perez</dc:creator><cp:lastModifiedBy>CARLOS FREDY BUSTIOS MUÑOZ</cp:lastModifiedBy><cp:revision>9</cp:revision><dcterms:created xsi:type="dcterms:W3CDTF">2025-02-04T21:09:00Z</dcterms:created><dcterms:modified xsi:type="dcterms:W3CDTF">2025-02-15T19:49:00Z</dcterms:modified></cp:coreProperties>