<?xml version="1.0" encoding="UTF-8" standalone="yes"?>
<w:ftr xmlns:wpc="http://schemas.microsoft.com/office/word/2010/wordprocessingCanvas" xmlns:cx="http://schemas.microsoft.com/office/drawing/2014/chartex" xmlns:cx1="http://schemas.microsoft.com/office/drawing/2015/9/8/chartex" xmlns:cx2="http://schemas.microsoft.com/office/drawing/2015/10/21/chartex" xmlns:cx3="http://schemas.microsoft.com/office/drawing/2016/5/9/chartex" xmlns:cx4="http://schemas.microsoft.com/office/drawing/2016/5/10/chartex" xmlns:cx5="http://schemas.microsoft.com/office/drawing/2016/5/11/chartex" xmlns:cx6="http://schemas.microsoft.com/office/drawing/2016/5/12/chartex" xmlns:cx7="http://schemas.microsoft.com/office/drawing/2016/5/13/chartex" xmlns:cx8="http://schemas.microsoft.com/office/drawing/2016/5/14/chartex" xmlns:mc="http://schemas.openxmlformats.org/markup-compatibility/2006" xmlns:aink="http://schemas.microsoft.com/office/drawing/2016/ink" xmlns:am3d="http://schemas.microsoft.com/office/drawing/2017/model3d" xmlns:o="urn:schemas-microsoft-com:office:office" xmlns:oel="http://schemas.microsoft.com/office/2019/extlst" xmlns:r="http://schemas.openxmlformats.org/officeDocument/2006/relationships" xmlns:m="http://schemas.openxmlformats.org/officeDocument/2006/math" xmlns:v="urn:schemas-microsoft-com:vml" xmlns:wp14="http://schemas.microsoft.com/office/word/2010/wordprocessingDrawing" xmlns:wp="http://schemas.openxmlformats.org/drawingml/2006/wordprocessingDrawing" xmlns:w10="urn:schemas-microsoft-com:office:word" xmlns:w="http://schemas.openxmlformats.org/wordprocessingml/2006/main" xmlns:w14="http://schemas.microsoft.com/office/word/2010/wordml" xmlns:w15="http://schemas.microsoft.com/office/word/2012/wordml" xmlns:w16cex="http://schemas.microsoft.com/office/word/2018/wordml/cex" xmlns:w16cid="http://schemas.microsoft.com/office/word/2016/wordml/cid" xmlns:w16="http://schemas.microsoft.com/office/word/2018/wordml" xmlns:w16du="http://schemas.microsoft.com/office/word/2023/wordml/word16du" xmlns:w16sdtdh="http://schemas.microsoft.com/office/word/2020/wordml/sdtdatahash" xmlns:w16se="http://schemas.microsoft.com/office/word/2015/wordml/symex" xmlns:wpg="http://schemas.microsoft.com/office/word/2010/wordprocessingGroup" xmlns:wpi="http://schemas.microsoft.com/office/word/2010/wordprocessingInk" xmlns:wne="http://schemas.microsoft.com/office/word/2006/wordml" xmlns:wps="http://schemas.microsoft.com/office/word/2010/wordprocessingShape" mc:Ignorable="w14 w15 w16se w16cid w16 w16cex w16sdtdh wp14"><w:p w14:paraId="7132AF4F" w14:textId="6EF5574C" w:rsidR="00D37433" w:rsidRPr="00D37433" w:rsidRDefault="00D37433" w:rsidP="00D37433"><w:pPr><w:widowControl w:val="0"/><w:autoSpaceDE w:val="0"/><w:autoSpaceDN w:val="0"/><w:spacing w:before="14" w:after="0" w:line="240" w:lineRule="auto"/><w:ind w:left="20"/><w:rPr><w:rFonts w:ascii="Arial" w:eastAsia="Carlito" w:hAnsi="Arial" w:cs="Carlito"/><w:sz w:val="18"/><w:lang w:val="es-ES"/></w:rPr></w:pPr><w:r><w:rPr><w:rFonts w:ascii="Arial" w:eastAsia="Carlito" w:hAnsi="Arial" w:cs="Carlito"/><w:sz w:val="18"/><w:lang w:val="es-ES"/></w:rPr><w:t xml:space="preserve">                                         </w:t></w:r><w:r w:rsidRPr="00D37433"><w:rPr><w:rFonts w:ascii="Arial" w:eastAsia="Carlito" w:hAnsi="Arial" w:cs="Carlito"/><w:sz w:val="18"/><w:lang w:val="es-ES"/></w:rPr><w:t>Av. José Gálvez de Barrenechea 592.San Isidro, Lima</w:t></w:r></w:p><w:p w14:paraId="407C5E96" w14:textId="4F2153DF" w:rsidR="00D37433" w:rsidRPr="00D37433" w:rsidRDefault="00D37433" w:rsidP="00D37433"><w:pPr><w:widowControl w:val="0"/><w:autoSpaceDE w:val="0"/><w:autoSpaceDN w:val="0"/><w:spacing w:before="3" w:after="0" w:line="240" w:lineRule="auto"/><w:ind w:left="1657"/><w:rPr><w:rFonts w:ascii="Arial" w:eastAsia="Carlito" w:hAnsi="Carlito" w:cs="Carlito"/><w:sz w:val="18"/><w:lang w:val="es-ES"/></w:rPr></w:pPr><w:r><w:rPr><w:rFonts w:ascii="Arial" w:eastAsia="Carlito" w:hAnsi="Carlito" w:cs="Carlito"/><w:sz w:val="18"/><w:lang w:val="es-ES"/></w:rPr><w:t xml:space="preserve">                                   </w:t></w:r><w:r w:rsidRPr="00D37433"><w:rPr><w:rFonts w:ascii="Arial" w:eastAsia="Carlito" w:hAnsi="Carlito" w:cs="Carlito"/><w:sz w:val="18"/><w:lang w:val="es-ES"/></w:rPr><w:t>Celular: 993652889</w:t></w:r></w:p><w:p w14:paraId="045D8FE8" w14:textId="3ACFC0B9" w:rsidR="00D37433" w:rsidRDefault="00D37433" w:rsidP="00D37433"><w:pPr><w:pStyle w:val="Piedepgina"/><w:rPr><w:rFonts w:ascii="Arial" w:eastAsia="Carlito" w:hAnsi="Carlito" w:cs="Carlito"/><w:color w:val="0000FF"/><w:sz w:val="18"/><w:u w:val="single" w:color="0461C1"/><w:lang w:val="es-ES"/></w:rPr></w:pPr><w:r><w:rPr><w:rFonts w:ascii="Arial" w:eastAsia="Carlito" w:hAnsi="Carlito" w:cs="Carlito"/><w:sz w:val="18"/><w:lang w:val="es-ES"/></w:rPr><w:t xml:space="preserve">                                                  </w:t></w:r><w:r w:rsidRPr="00D37433"><w:rPr><w:rFonts w:ascii="Arial" w:eastAsia="Carlito" w:hAnsi="Carlito" w:cs="Carlito"/><w:sz w:val="18"/><w:lang w:val="es-ES"/></w:rPr><w:t xml:space="preserve">E-mail: </w:t></w:r><w:hyperlink r:id="rId1"><w:r w:rsidRPr="00D37433"><w:rPr><w:rFonts w:ascii="Arial" w:eastAsia="Carlito" w:hAnsi="Carlito" w:cs="Carlito"/><w:color w:val="0000FF"/><w:sz w:val="18"/><w:u w:val="single" w:color="0461C1"/><w:lang w:val="es-ES"/></w:rPr><w:t>ksanchez@sensoft.com.pe</w:t></w:r></w:hyperlink></w:p><w:p w14:paraId="4C9B639C" w14:textId="3D411DD0" w:rsidR="00D37433" w:rsidRDefault="00D37433" w:rsidP="00D37433"><w:pPr><w:pStyle w:val="Piedepgina"/></w:pPr><w:r><w:t xml:space="preserve">                                                    </w:t></w:r><w:hyperlink r:id="rId2" w:history="1"><w:r w:rsidRPr="00C4072C"><w:rPr><w:rStyle w:val="Hipervnculo"/></w:rPr><w:t>karina.</w:t></w:r><w:r w:rsidRPr="00D37433"><w:rPr><w:rStyle w:val="Hipervnculo"/><w:sz w:val="18"/><w:szCs w:val="18"/></w:rPr><w:t>coordinacionweb</w:t></w:r><w:r w:rsidRPr="00C4072C"><w:rPr><w:rStyle w:val="Hipervnculo"/></w:rPr><w:t>@gmail.com</w:t></w:r></w:hyperlink><w:r><w:t xml:space="preserve"> </w:t></w:r></w:p></w:ftr>